sector,indicator,unit,1980,1981,1982,1983,1984,1985,1986,1987,1988,1989,1990,1991,1992,1993,1994,1995,1996,1997,1998,1999,2000,2001,2002,2003,2004,2005,2006,2007,2008,2009,2010,2011,2012,2013,2014,2015,2016,2017,2018,2019,2020,2021,2022,2023,2024,2025,2026,2027,2028,2029,2030,source
3,"Gross debt, General government, Domestic currency",Billions,,,,,,,,,,,,,,,,,,,,,138816.71,155345.736,188511.867,232387.381,290556.451,332713.257,407714.014,509893.132,637028.122,830872.385,1021579.175,1280904.326,1561465.077,1852670.412,2154635.906,2394063.015,2700133.149,2934289.125,3069821.183,3159438.355,3323866.688,3330246.236,3360113.307,3535382.578,3599500.041,4057588.119,4403832.863,4743245.054,5089799.928,5459725.66,5860710.158,IMF
1,"Gross domestic product (GDP), Current prices, Per capita, Domestic currency",Units VND,133.89,184.121,390.56,613.65,1076.108,2136.357,12707.816,53094.143,222998.901,550688.722,789051.562,1416339.157,2004884.745,2500439.132,3129773.349,3947305.427,4616871.037,5240276.844,5940273.133,6482797.033,7063012.525,7594347.321,8343336.806,9463992.835,11913182.17,13843379.27,15929228.92,18532644.87,23792321.06,26375675.68,31146029.41,40289838.31,45870897.42,49840469.25,54415204.86,56603826.6,60838178.07,67191171.6,74039698.84,79880604.97,82436597.16,86161841.59,96734439.69,102885196.1,113641334.7,123942287.7,134513804.3,145552040.6,157073203.6,168805595.5,181540132.6,IMF
2,"Current account balance (credit less debit), Percent of GDP",Units,-1.599,-4.197,-2.635,-1.946,-1.602,-4.951,-3.441,-2.6,-2.607,-7.308,-3.152,-1.375,-0.062,-8.335,-9.038,-10.029,-6.443,-4.475,-3.971,3.23,2.147,2.228,-1.407,-3.844,-2.53,-0.765,-0.194,-7.104,-8.646,-5.122,-2.986,0.136,4.748,3.64,3.7,-0.861,0.248,-0.596,1.895,3.76,4.349,-2.202,0.341,6.372,6.64,4.047,2.422,1.75,1.347,1.233,1.132,IMF
3,"Net lending (+) / net borrowing (-), General government, Percent of GDP",Units,,,,,,,,,,,,,,,,,,,-0.099,-1.246,-1.605,-2.192,-1.855,-2.559,-0.15,-0.954,0.201,-1.739,-0.447,-4.824,-2.251,-0.901,-5.462,-5.964,-5.017,-4.983,-3.164,-1.964,-1.021,-0.397,-2.861,-1.432,0.671,-1.718,-1.536,-3.259,-2.337,-2.152,-2.063,-2.038,-2.034,IMF
1,"Gross domestic product (GDP), Constant prices, Per capita, purchasing power parity (PPP) international dollar, ICP benchmark 2021",Units,1653.897,1714.029,1817.901,1910.599,2032.141,2105.358,2132.817,2138.732,2205.329,2330.588,2348.901,2440.046,2605.53,2767.712,2962.016,3191.833,3434.556,3657.033,3808.937,3931.344,4142.009,4368.491,4616.681,4909.402,5243.324,5587.267,5921.703,6284.325,6576.7,6864.144,7232.35,7705.568,8042.861,8399.651,8843.587,9359.948,9880.359,10455.926,11118.43,11711.748,11911.695,12101.363,13008.338,13551.767,14370.773,15169.814,15897.678,16703.47,17532.535,18352.903,19221.351,IMF
2,"Exports of goods, Volume, Free on board (FOB), Percent change",Units,-43.145,-22.534,5.512,46.461,21.977,13.196,29.093,18.607,2.457,-28.041,32.598,32.633,51.364,22.835,26.915,13.473,36.174,24.432,-4.046,14.787,-1.856,4.007,11.173,20.609,31.446,7.575,14.366,13.7,3.216,6.471,6.356,9.827,15.03,18.408,12.294,15.278,11.799,17.823,12.075,4.766,7.648,14.892,4.228,-5.272,19.382,5.095,0.601,2.211,4.508,5.805,5.891,IMF
2,"Current account balance (credit less debit), US dollar",Billions,-0.565,-0.739,-0.616,-0.685,-0.98,-0.943,-1.48,-1.388,-0.769,-0.584,-0.259,-0.133,-0.008,-1.395,-1.872,-2.648,-2.02,-1.528,-1.373,1.177,0.85,0.92,-0.627,-1.931,-1.591,-0.56,-0.164,-6.992,-10.787,-6.608,-4.276,0.233,9.267,7.744,8.617,-2.039,0.625,-1.651,5.769,12.477,15.06,-8.15,1.404,27.59,30.509,19.616,12.376,9.541,7.86,7.693,7.548,IMF
3,"Revenue, General government, Domestic currency",Billions,,,,,,,,,,,,,,,,,,,72965,78490,90749,103888,121716,152957,190893.149,228293.43,279477.601,325442.645,429527.029,462880.395,588235.718,719405.231,733448.247,827313.026,875742.475,996234.226,1075248,1231421.3,1363869.014,1496315.4,1479360.81,1586553.2,1815340,1761006,2023795.633,2334632.253,2457374.635,2680407.159,2944200.704,3183747.588,3440702.098,IMF
1,Unemployment rate,Units,,,,,,,,,,,12.327,10.393,11,10.6,10.3,5.82,5.88,6.01,6.85,6.74,6.42,6.28,6.01,5.78,5.6,5.31,4.82,4.64,2.38,2.9,2.88,2.22,1.96,2.18,2.1,2.33,2.3,2.24,2.19,2.17,2.48,3.2,2.32,2.3,2.2,2.25,2.5,2.311,2.279,2.211,2.184,IMF
1,"All Items, Consumer price index (CPI), End-of-period (EoP), percent change",Units,,,,,,,,-34.571,266.652,34.668,66.253,67.589,17.605,5.28,15.475,29.864,9.208,-0.166,-12.845,-0.356,-0.628,0.567,3.967,2.942,9.75,8.836,6.785,12.685,20.089,6.376,11.755,18.137,6.83,6.021,1.857,0.612,4.737,2.597,2.983,5.232,0.187,1.813,4.549,3.581,2.946,3.39,3.156,3.3,3.3,3.3,3.3,IMF
2,"Imports of goods, Volume, Cost insurance freight (CIF), Percent change",Units,-28.942,-29.925,22.205,11.909,16.191,21.989,5.365,18.568,-8.306,-39.838,172.249,50,5,64.618,36.357,31.643,19.541,-3.345,0.862,-5.478,3.276,3.361,22.095,27.984,33.476,6.692,17.691,33.621,17.762,-7.329,4.247,2.805,13.764,19.62,12.913,16.134,12.855,19.436,9.526,3.684,3.487,18.203,1.11,-6.207,19.901,5.577,2.772,4.093,5.444,6.363,6.337,IMF
3,"Primary net lending (+) / net borrowing (-), General government, Percent of GDP",Units,,,,,,,,,,,,,,,,,,,0.348,-0.788,-0.979,-1.458,-1.071,-1.738,0.58,-0.383,0.792,-0.939,0.368,-3.932,-1.324,-0.06,-4.483,-4.755,-3.665,-3.403,-1.625,-0.411,0.5,0.992,-1.538,-0.233,1.67,-0.853,-0.645,-2.408,-1.398,-1.222,-1.107,-1.048,-1.013,IMF
3,"Structural balance, General government, Domestic currency",Billions,,,,,,,,,,,,,,,,,,,-454,-6327,-9002,-13397,-12618,-19928.6,-1479.851,-11070.57,2703.601,-27524.434,-9175.971,-110819.695,-71845.169,-43948.435,-227407.693,-261206.935,-239860.52,-250253.741,-167773.854,-112571.781,-72205.374,-36873.933,-225759.731,-91299.173,57628.022,-170886.734,-183979.132,-419185.071,-313103.624,-315900.419,-335107.366,-361029.315,-389440.224,IMF
1,"Gross domestic product (GDP), Constant prices, Domestic currency",Billions,385896.349,408267.677,441542.633,472861.457,512568.882,541372.678,559547.118,573809.292,603073.66,650113.995,682928.381,722599.581,785464.927,848915.043,923905.307,1012050.305,1106576.022,1196780.652,1265773.144,1326195.911,1416209.068,1513855.282,1621040.942,1740044.415,1875584.209,2017139.347,2157894.824,2311741.795,2442627.688,2574477.591,2739843.17,2915553.94,3076041.91,3246870.23,3455392.13,3696825.71,3944143.68,4217874.76,4532739.4,4866315.6,5005755.65,5133589.06,5571869.25,5854085.76,6269209.96,6674040.432,7047424.635,7453356.294,7870744.247,8287893.692,8727152.057,IMF
3,"Primary net lending (+) / net borrowing (-), General government, Domestic currency",Billions,,,,,,,,,,,,,,,,,,,1596,-4000,-5488,-8912,-7288,-13533.6,5737.149,-4449.57,10668.601,-14864.434,7554.029,-90329.605,-36271.282,-2106.769,-182635.677,-212725.974,-180937.525,-176673.274,-91646,-25884.7,35018.014,76487.4,-123697.19,-19756.8,160634,-87992,-74273.798,-304924.53,-193635.808,-184312.057,-181254.815,-185507.815,-193932.969,IMF
3,"Expenditure, General government, Percent of GDP",Units,,,,,,,,,,,,,,,,,,,16.017,16.702,17.788,19.192,19.747,22.196,19.441,20.625,20.534,22.297,21.38,24.975,23.721,21.224,23.466,24.457,22.755,24.174,22.231,21.529,20.48,19.811,21.251,20.125,18.197,18.781,19.116,21.697,20.084,19.925,20.044,20.024,20.01,IMF
1,"All Items, Consumer price index (CPI), Period average",Units,0.004,0.006,0.013,0.019,0.031,0.059,0.328,1.51,7.165,14.027,19.081,34.693,47.773,51.776,57.15,66.823,70.56,72.744,78.644,81.863,80.402,80.049,83.063,85.646,92.336,100,107.664,116.683,143.882,153.512,167.543,198.849,216.986,231.29,240.744,242.302,248.784,257.544,266.661,274.114,282.94,288.137,297.235,306.904,318.027,328.847,339.241,350.436,362.001,373.947,386.287,IMF
3,"Gross debt, General government, Percent of GDP",Units,,,,,,,,,,,,,,,,,,,,,24.755,25.42,27.711,29.835,29.363,28.669,30.248,32.21,31.045,36.17,37.286,36.185,38.33,41.413,43.642,46.117,47.88,46.621,43.798,40.993,41.319,39.237,34.923,34.257,31.268,32.045,31.805,31.451,31.085,30.844,30.62,IMF
2,"Rate, Domestic currency per international dollar in PPP terms, ICP benchmarks 2017-2021",Units PPP,0.231,0.28,0.527,0.758,1.206,2.241,12.896,52.432,206.294,463.867,635.678,1062.476,1377.072,1579.378,1808.587,2073.309,2213.1,2319.125,2496.015,2602.338,2631.44,2623.634,2685.697,2809.329,3224.441,3409.31,3590.716,3832.676,4612.808,4869.491,5391.916,6414.183,6868.553,7026.352,7161.464,6973.816,7033.869,7211.6,7275.826,7191.188,7064.954,7120.011,6942.558,6834.996,6946.845,7007.041,7128.368,7220.119,7304.556,7370.204,7428.746,IMF
2,"Imports of goods and services, Volume, Cost insurance freight (CIF), Percent change",Units,-29.111,20.637,8.509,15.881,22.861,3.039,19.745,-10.247,-39.838,172.249,-11.326,9.362,19.327,65.154,46.429,32.878,20.415,0.37,0.236,-7.238,-6.54,3.481,19.69,24.802,27.502,6.952,16.827,33.336,16.488,-5.559,4.404,2.222,12,20.448,12.564,15.604,12.617,17.536,9.335,4.171,1.975,17.48,2.599,-5.223,20.623,5.437,2.467,3.951,5.264,6.16,6.155,IMF
1,"Gross domestic product (GDP), Current prices, Purchasing power parity (PPP) international dollar, ICP benchmarks 2017-2021",Billions,31.438,36.407,41.807,46.526,52.253,56.935,60.031,63.086,68.642,76.898,83.802,91.669,101.915,112.759,125.34,140.177,156.075,171.709,183.649,195.138,213.103,232.925,253.293,277.256,306.888,340.4,375.383,413.041,444.833,471.737,508.139,551.883,593.103,636.697,689.389,744.402,801.749,872.747,963.333,1071.756,1138.632,1192.059,1385.854,1509.922,1657.136,1807.05,1942.452,2088.795,2241.59,2401.726,2576.455,IMF
1,"Gross domestic product (GDP), Constant prices, Per capita, Domestic currency",Units VND,7122487.016,7381443.978,7828769.881,8227970.196,8751389.532,9066700.497,9184949.688,9210422.143,9497222.985,10036650.43,10115515.96,10508027.23,11220685.77,11919117.32,12755886.15,13745591.65,14790874.03,15748968.19,16403142.62,16930286.79,17837511.48,18812854.03,19881679.67,21142278.62,22580310.08,24061497.02,25501742.27,27063368.59,28322480.43,29560352.28,31146029.41,33183936.56,34636484.13,36172998.18,38084801.32,40308501.71,42549645.88,45028319.79,47881387.19,50436503.46,51297572.73,52114375.14,56020249.5,58360523.58,61887561.3,65328620.17,68463158.88,71933290.88,75503652.97,79036557.25,82776516.72,IMF
3,"Net lending (+) / net borrowing (-), General government, Domestic currency",Billions,,,,,,,,,,,,,,,,,,,-454,-6327,-9002,-13397,-12618,-19928.6,-1479.851,-11070.57,2703.601,-27524.434,-9175.971,-110819.695,-61671.282,-31892.769,-222519.677,-266809.974,-247675.525,-258695.274,-178429,-123612.7,-71565.986,-30577.6,-230163.19,-121534.8,64550,-177292,-176783.798,-412688.719,-323564.828,-324511.352,-337713.035,-360820.81,-389214.891,IMF
2,"Gross domestic product (GDP), Purchasing power parity (PPP) international dollar, percent of world GDP, Percent, ICP benchmarks 2017-2021",Units PPP,0.238,0.246,0.265,0.276,0.287,0.292,0.293,0.289,0.291,0.303,0.305,0.316,0.308,0.327,0.346,0.366,0.385,0.401,0.413,0.418,0.424,0.443,0.462,0.478,0.49,0.504,0.512,0.522,0.536,0.569,0.576,0.59,0.603,0.616,0.634,0.656,0.679,0.7,0.726,0.762,0.812,0.759,0.795,0.808,0.837,0.865,0.886,0.908,0.929,0.949,0.97,IMF
1,"Gross capital formation, Percent of GDP",Units,15.558,15.558,15.558,15.558,15.558,15.558,15.558,15.558,15.558,14.79,4.861,10.874,13.838,26.345,27.61,29.38,30.417,30.648,31.426,29.89,32.041,33.736,35.959,38.378,36.204,36.508,37.295,42.654,39.29,40.14,37.099,32.371,30.559,30.213,30.289,32.109,31.725,32.305,32.019,31.98,31.916,32.896,32.34,31.647,30.563,30.896,30.802,30.764,30.639,30.489,30.348,IMF
1,"Gross domestic product (GDP), Current prices, Per capita, US dollar",Units USD,652.593,318.521,414.347,612.565,1044.409,318.956,705.99,856.91,464.581,123.364,121.715,141.111,178.973,234.983,285.953,358.661,419.063,449.338,448.119,465.248,498.579,513.197,546.555,610.357,756.981,873.136,996.255,1152.267,1446.562,1481.442,1628.013,1949.826,2197.619,2369.973,2566.854,2581.907,2720.168,2957.899,3216.254,3439.102,3548.892,3756.885,4132.93,4316.74,4535.756,4744.725,4964.756,5261.924,5599.704,5951.69,6324.424,IMF
1,"Gross domestic product (GDP), Current prices, Fiscal year, Domestic currency",Billions,7.254,10.184,22.028,35.266,63.028,127.562,774.16,3307.765,14160.43,35670.311,53271.203,97396.596,140344.956,178088.724,226688.618,290629.299,345410.202,398214.147,458390.101,507815.315,560767.817,611111.041,680269.011,778902.226,989542.495,1160527.335,1347892.245,1583050.889,2051931.233,2297116.94,2739843.17,3539881.31,4073762.29,4473655.6,4937031.68,5191323.73,5639401,6293904.55,7009042.13,7707200.29,8044385.73,8487475.6,9621371.82,10320311.14,11511867.2,12662074.25,13846511.23,15081351.14,16373817.22,17701211.67,19139828.59,IMF
1,"Gross domestic product (GDP), Per capita, purchasing power parity (PPP) international dollar, ICP benchmarks 2017-2021",Units PPP,580.243,658.233,741.262,809.567,892.146,953.517,985.401,1012.621,1080.975,1187.17,1241.276,1333.055,1455.904,1583.18,1730.507,1903.867,2086.155,2259.592,2379.903,2491.143,2684.087,2894.591,3106.582,3368.774,3694.651,4060.464,4436.226,4835.432,5157.883,5416.516,5776.431,6281.367,6678.394,7093.364,7598.336,8116.622,8649.319,9317.097,10176.123,11108.123,11668.385,12101.363,13933.544,15052.708,16358.698,17688.249,18870.21,20159.229,21503.458,22903.789,24437.52,IMF
1,"All Items, Consumer price index (CPI), End-of-period (EoP)",Index,,,,,,,5.103,3.339,12.243,16.487,27.41,45.936,54.023,56.876,65.678,85.292,93.146,92.991,81.046,80.758,80.251,80.706,83.907,86.376,94.797,103.173,110.173,124.149,149.088,158.593,177.236,209.381,223.682,237.15,241.554,243.033,254.546,261.158,268.948,283.02,283.55,288.691,301.823,312.632,321.843,332.753,343.255,354.582,366.283,378.37,390.857,IMF
1,"Gross domestic product (GDP), Price deflator, Index",Index,0.002,0.002,0.005,0.007,0.012,0.024,0.138,0.576,2.348,5.487,7.8,13.479,17.868,20.978,24.536,28.717,31.214,33.274,36.214,38.291,39.596,40.368,41.965,44.763,52.759,57.533,62.463,68.479,84.005,89.227,100,121.414,132.435,137.784,142.879,140.427,142.982,149.22,154.631,158.379,160.703,165.332,172.678,176.292,183.625,189.721,196.476,202.343,208.034,213.579,219.314,IMF
1,"Population, Persons for countries / Index for country groups",Millions,54.18,55.31,56.4,57.47,58.57,59.71,60.92,62.3,63.5,64.774,67.513,68.766,70.002,71.223,72.43,73.627,74.815,75.991,77.167,78.333,79.395,80.469,81.534,82.302,83.063,83.833,84.618,85.42,86.243,87.092,87.968,87.86,88.809,89.76,90.729,91.713,92.695,93.672,94.666,96.484,97.583,98.506,99.462,100.309,101.3,102.161,102.937,103.615,104.243,104.862,105.43,IMF
1,"Gross domestic product (GDP), Constant prices, Percent change",Units,-3.497,5.797,8.15,7.093,8.397,5.619,3.357,2.549,5.1,7.8,5.047,5.809,8.7,8.078,8.834,9.54,9.34,8.152,5.765,4.774,6.787,6.895,7.08,7.341,7.789,7.547,6.978,7.129,5.662,5.398,6.423,6.413,5.505,5.554,6.422,6.987,6.69,6.94,7.465,7.359,2.865,2.554,8.538,5.065,7.091,6.457,5.595,5.76,5.6,5.3,5.3,IMF
1,"Gross domestic product (GDP), Current prices, Domestic currency",Billions,7.254,10.184,22.028,35.266,63.028,127.562,774.16,3307.765,14160.43,35670.311,53271.203,97396.596,140344.956,178088.724,226688.618,290629.299,345410.202,398214.147,458390.101,507815.315,560767.817,611111.041,680269.011,778902.226,989542.495,1160527.335,1347892.245,1583050.889,2051931.233,2297116.94,2739843.17,3539881.31,4073762.29,4473655.6,4937031.68,5191323.73,5639401,6293904.55,7009042.13,7707200.29,8044385.73,8487475.6,9621371.82,10320311.14,11511867.2,12662074.25,13846511.23,15081351.14,16373817.22,17701211.67,19139828.59,IMF
3,"Expenditure, General government, Domestic currency",Billions,,,,,,,,,,,,,,,,,,,73419,84817,99751,117285,134334,172885.6,192373,239364,276774,352967.079,438703,573700.09,649907,751298,955967.924,1094123,1123418,1254929.5,1253677,1355034,1435435,1526893,1709524,1708088,1750790,1938298,2200579.431,2747320.972,2780939.463,3004918.511,3281913.739,3544568.398,3829916.988,IMF
2,"Exports of goods and services, Volume, Free on board (FOB), Percent change",Units,-15.614,0.225,45.337,21.728,10.149,25.437,19.391,3.084,-27.444,29.674,36.49,71.417,35.017,19.604,38.545,22.229,6.796,15.616,-2.77,7.933,-5.97,4.006,10.187,19.167,29.593,5.95,14.301,13.309,2.128,5.386,6.577,8.476,14.429,18.093,11.509,14.835,11.941,16.719,12.061,6.225,2.792,13.634,6.356,-3.087,19.666,5.12,0.716,2.287,4.507,5.774,5.871,IMF
1,"Gross domestic product (GDP), Current prices, US dollar",Billions,35.357,17.617,23.369,35.204,61.171,19.045,43.009,53.385,29.501,7.991,8.217,9.704,12.528,16.736,20.712,26.407,31.352,34.146,34.58,36.444,39.585,41.297,44.563,50.233,62.877,73.197,84.301,98.426,124.756,129.022,143.212,171.312,195.169,212.728,232.888,236.795,252.146,277.071,304.47,331.818,346.31,370.076,411.068,433.008,459.472,484.726,511.059,545.213,583.731,624.103,666.786,IMF
3,"Gross national savings, Percent of GDP",Units,9.664,7.065,8.628,9.317,9.66,6.311,7.821,8.662,8.656,5.487,8.158,10.438,13.831,10.768,11.026,11.35,15.69,17.813,18.908,24.99,25.467,26.779,24.757,24.071,23.814,25.821,27.006,34.911,28.925,32.042,34.113,32.507,35.307,33.853,33.989,31.248,31.972,31.709,33.914,35.74,36.265,30.693,32.682,38.018,37.203,34.943,33.224,32.514,31.986,31.721,31.48,IMF
3,"Revenue, General government, Percent of GDP",Units,,,,,,,,,,,,,,,,,,,15.918,15.456,16.183,17,17.892,19.638,19.291,19.672,20.734,20.558,20.933,20.15,21.47,20.323,18.004,18.493,17.738,19.19,19.067,19.565,19.459,19.415,18.39,18.693,18.868,17.063,17.58,18.438,17.747,17.773,17.981,17.986,17.977,IMF
1,"All Items, Consumer price index (CPI), Period average, percent change",Units,25.156,69.6,95.401,49.487,64.897,91.602,453.538,360.357,374.354,95.77,36.031,81.817,37.705,8.379,10.378,16.926,5.593,3.095,8.11,4.093,-1.784,-0.439,3.765,3.11,7.812,8.3,7.664,8.377,23.311,6.693,9.14,18.685,9.121,6.592,4.087,0.647,2.675,3.521,3.54,2.795,3.22,1.837,3.157,3.253,3.624,3.402,3.161,3.3,3.3,3.3,3.3,IMF
4,"M2 (Broad money), Current prices, Domestic currency, Billions",Billions,,,,,,,,,,,,,,,,,,,,,,,,,,,,,,,,,3702867,4400692,5179216,6019609,7125801,8194708,9211848,10573725,12110606,13402097,14226792,15998956,17914566,19980717,,,,,,"SBV, NSO"
4,"Net domestic assets (NDA), Current prices, Domestic currency",Billions,,,,,,,,,,,,,18043.297,30238.145,,42180.026,50810.25,64695.709,78771.978,115604.6,142600.19,178818.7,238344.1,322589.9,439496.115,568572.552,742841.741,1120844.026,1450615.374,2158608.372,3050832.512,3416638.487,3679551.446,4287695.672,4831840.076,5752365.346,6758955.14,7588389.161,8511035.877,9382320.468,10552412.61,12051834.93,13504773.13,,,,,,,,,NDA = Domestic Claims − Other Items Net
4,"Credit to private sector, Current prices, Domestic currency, Billions",Billions,,,,,,,,,,,,,,,,,,,,,,191204,239921,317771,442978,597715,734391,1100850,1275048,1753600,2475535,2839599.45,3090904,3477985,3970548,4655890,5505406,6509858,7211175,8195393,9192566,10444078,11924433.61,13568977.92,15616213.73,18406831.12,,,,,,"SBV, NSO"
4,Policy interest rate (Refinancing rate),Percent,,,,,,,,,,,,,,,,,,10.8,12,12,6,6,4.8,4.8,5,5.5,6.5,6.5,6.5,9.5,8,9,15,9,7,6.5,6.5,6.5,6.25,6.25,6,4,4,4,4,4,,,,,,"SBV, NSO"
4,"Credit from Central Bank, Domestic currency",Billions,,,,,,,,,,,,,4752,6621,,5793,6133,5565,4249,11576,14427,17753,19250,14491,16679,20943,25436,24571,17560,98822,189640,215921,67141,45401,60727,153564,89086,66697,124196,42214,36639,45851,330800.5055,,,,,,,,,IMF
4,"Claims on Private Sector, Domestic currency",Billions,,,,,,,,,,,,,15095,23184,,42310,50789,62251,72651,112730,155720,189103,231078,296737,420046,552667,693834,1067729,1339263,1869255,2475535,2829890,3077703,3469683,3949676,4692917,5575053,6543900,7378838,8326235,9293305,10548481,12023008.51,,,,,,,,,IMF
4,"Central or General Government Deposits, Domestic currency",Billions,,,,,,,,,,,,,4268,1786,,3321,2795,3127,4974,3606,13052,16187,19848,23805,32201,33656,36177,47084,64448,63355,69534,80068,80741,98554,85189,69190,112914,287005,296427,303362,100582,66100,342603.5299,,,,,,,,,IMF
4,"Other Items (Net), Domestic currency",Billions,,,,,,,,,,,,,-676,1268,,3764,3925,1924,555,78,12636,12386,1577,-4819,3482,29143,-8450,-20759,-46862,-118560,-360865,-352770,-274657,-408541,-351870,-370933,-452336,-487374,-657272,-796284,-896973,-1183085,-1396483.046,,,,,,,,,IMF
4,"Capital Accounts, Domestic currency",Billions,,,,,,,,,,,,,2784,3273,,8166,7984,9798,13172,22033,24801,26962,34684,46986,59411,71920,99827,175697,239779,320162,430718,539384,575321,632536,651877,701726,769466,860025,976115,1130787,1271766,1546959,1791734.629,,,,,,,,,IMF
4,"Reserves, Domestic currency",Billions,,,,,,,,,,,,,3451,3709,,7409,9323,9451,9920,16881,20390,18426,20166,30778,31646,42961,71282,94052,139814,127826,99222,151541,199955,188940,201456,257801,255118,359219,342693,573537,603267,674151,607688.9646,,,,,,,,,IMF
4,"Foreign Liabilities, Domestic currency",Billions,,,,,,,,,,,,,2128,3485,,9528,10987,10678,9432,9324,9908,10251,9860,10715,18898,23201,32826,55898,87131,123315,172886,200322,221650,236916,209428,201726,236942,308236,307941,375975,382703,575999,592368.8326,,,,,,,,,IMF
4,"Demand Deposits, Domestic currency",Billions,,,,,,,,,,,,,3971,4796,,6870,10213,14682,18241,27106,38781,46089,51066,66441,88891,110823,133405,214653,196470,271988,287503,315128,384630,482582,574568,688264,819436,972619,1057327,1228407,1563664,1956043,1857399.335,,,,,,,,,IMF
4,"Foreign Assets, Net Foreign Assets (NFA), Domestic currency",Billions,,,,,,,,,,,,,11313,6011,,10251,13613,20248,30425,60229,94193,116780,116226,129620,143680,187306,277298,399820,405377,287205,224439,266361,513327,610318,823168,833468,946391,1262004,1537729,2128233,2638483,2688410,2314300.737,-534.8813953,,,,,,,,"IMF, NFA = Foreign Assets − Foreign Liabilities"
4,"Domestic Claims, Claims on Private Sector, Domestic currency",Billions,,,,,,,,,,,,,15095,23184,,42310,50789,62251,72651,112730,155720,189103,231078,296737,420046,552667,693834,1067729,1339263,1869255,2475535,2829890,3077703,3469683,3949676,4692917,5575053,6543900,7378838,8326235,9293305,10548481,12023008.51,,,,,,,,,IMF
4,"Domestic Claims, Claims on Central or General Government, Net Claims on Central or General Government, Domestic currency",Billions,,,,,,,,,,,,,2272,8322,,3634,3946,4369,6676,2952,-484,2102,8843,21034,22932,45048,40557,32356,64491,170793,214432,233978,327192,409472,530293,688516,731566,557115,474926,259802,362135,320269,85281.57355,,,,,,,,,IMF
4,"Claims on Central or General Government, Domestic currency",Billions,,,,,,,,,,,,,1634,1718,,4372,2031,3492,5332,6358,8246,10258,17566,34169,43857,70831,83722,109270,152519,158080,201743,258866,364822,480536,608125,674839,813427,854233,868185,838945,947348,937589,877463.4893,,,,,,,,,IMF
4,"Capital Accounts, Domestic currency",Billions,,,,,,,,,,,,,3318,3220,,9169,9168,12928,21025,30601,34816,38970,47420,62904,77995,90463,131027,223846,296845,402325,520646,656605,681485,752006,745807,810081,878523,991994,1137318,1322468,1477360,1755450,2037215.269,,,,,,,,,IMF
4,"Domestic Claims, Domestic currency",Billions,,,,,,,,,,,,,17367,31506,,45944,54735,66620,79327,115682,155236,191204,239921,317771,442978,597715,734391,1100085,1403754,2040049,2689967,3063869,3404895,3879154,4479970,5381433,6306619,7101015,7853764,8586037,9655440,10868750,12108290.08,,,,,,,,,IMF
4,"Foreign Assets, Domestic currency",Billions,,,,,,,,,,,,,9237,5794,,9523,11133,12168,18629,29651,61140,79212,70491,50363,58039,71130,99340,80255,88859,130606,174633,197596,214223,308707,311742,422766,378833,474479,584520,692967,823482,773974,902349.9044,,,,,,,,,IMF
4,"Variations of Time, Savings, and Foreign Currency Deposits: Central Government Monetary Liabilities, Quasi-Monetary Deposits",Billions,,,,,,,,,,,,,3822,3250,,9622,12445,15194,20091,36191,47462,60251,77387,133617,182408,261269,382396,597162,791066,1004770,1466950,1683540,2211874,2691221,3276868,3716613,4515580,5180623,5877235,6678257,7447020,8001463,8872966.817,,,,,,,,,IMF
4,"Securities Other Than Shares, Domestic currency",Billions,,,,,,,,,,,,,298,2544,,5490,5635,7703,10890,10865,18842,21012,35262,26265,26530,31048,68378,74421,89464,148271,282438,309571,210231,159385,96429,196967,275969,373779,408850,582982,752826,936522,1054420.25,,,,,,,,,IMF
4,"Variations of Time, Savings, and Foreign Currency Deposits: Central Government Monetary Liabilities, Foreign Currency Deposits, Domestic currency",Billions,,,,,,,,,,,,,6506,5892,,8924,11042,15611,22098,40919,58543,78187,81428,87418,115050,145303,166400,221668,289159,340604,385909,404621,403214,514079,546371,640001,616933,642157,740810,848911,962097,927888,1026381.565,,,,,,,,,IMF
4,"Restricted Deposits, Domestic currency",Billions,,,,,,,,,,,,,1708,1514,,2138,2117,3080,2830,4059,7045,7923,9744,7899,10369,10782,13284,19826,19122,33589,28436,42108,37415,46687,60148,51205,46442,45463,42608,37073,47078,60455,62713.85267,,,,,,,,,IMF
4,"Reserves, Claims on Central Bank: Securities, Domestic currency",Billions,,,,,,,,,,,,,144,24,,,,,,137,,,805,770,333,499,1500,58914,26883,549,2015,,60857,50953,138737,,8000,17400,,,,,124395.4034,,,,,,,,,IMF
4,"Restricted Deposits, Domestic currency",Billions,,,,,,,,,,,,,1708,1514,,2138,2117,3080,2830,4059,7045,7923,9744,7899,10369,10782,13284,19826,19122,33589,28436,42108,37415,46687,60148,51205,46442,45463,42608,37073,47078,60455,62713.85267,,,,,,,,,IMF
4,"Securities Other than Shares, Domestic currency",Billions,,,,,,,,,,,,,298,2544,,5490,5635,7703,10890,10865,18842,21012,35262,26265,26530,31048,68378,74421,89464,148271,282438,309571,210231,159385,96429,196967,275969,373779,408850,582982,752826,936522,1054420.25,,,,,,,,,IMF
4,"M2: Quasi-Money, Money plus Quasi-Money, Domestic currency",Billions,,,,,,,,,,,,,24878,28156,,44786,56339,70588,87395,145470,196994,250846,284144,378060,495447,648574,841011,1253997,1513544,1910587,2478310,2774281,3455221,4194620,5022639,5771436,6803390,7773306,8760391,9953670,11310702,12405120,13109658.07,,,,,,,,,"IMF, M2 = Money + Quasi-Money"
4,"Securities Other Than Shares, Liabilities of Central Bank: Securities, Domestic currency",Billions,,,,,,,,,,,,,280,159,,405,,,,,,,,,,,1500,68200,24136,2,,,59404,51791,140827,,8000,17400,,,,,124399.8,,,,,,,,,IMF
4,"Central or General Government Deposits, Domestic currency",Billions,,,,,,,,,,,,,225,738,,2272,3126,4639,5601,11089,7410,4390,4005,4553,9729,9079,28495,42745,36289,,,,,95,3763,-2417,149,20911,164930,286279,491243,567004,548705.688,,,,,,,,,IMF
4,"Other Items (Net), Domestic currency",Billions,,,,,,,,,,,,,-1013,482,,-8134,-6946,-9190,-12473,-16372,-21257,-23328,-22335,-23344,-29534,-34772,-51630,-70814,-67177,-97676,-97151,-163400,-211691,-272324,-291359,-322602,-333455,-341449,-365254,-392533,-416487,-391388,-424852.83,-534.8813953,,,,,,,,IMF
4,"Claims on Central or General Government, Domestic currency",Billions,,,,,,,,,,,,,5131,9128,,4853,7836,8643,11919,11289,11732,12421,15130,15223,21005,16952,21507,12915,12708,76068,82224,55180,43111,27585,11121,80450,31202,10798,68097,10498,6612,15785,99127.3022,,,,,,,,,IMF
4,"Other Items (Net), Domestic currency",Billions,,,,,,,,,,,,,-1522,2084,,-5388,-4909,-7430,-12388,-15083,-8268,-10767,-20421,-27737,-23684,4156,-42010,-72185,-109844,-167519,-395423,-452335,-466131,-663226,-621885,-614789,-751314,-821523,-957673,-1181923,-1294044,-1555605,-1797823.653,-534.8813953,,,,,,,,IMF
4,"Reserve Money, Domestic currency",Billions,,,,,,,,,,,,,14314,18296,,26343,31633,35599,38687,58220,72759,84945,95502,121633,141165,174505,230756,315712,378989,422253,439622,522809,655511,695653,825687,985307,1111230,1337857,1430149,1773183,1951300,2195294,1907868.181,,,,,,,,,"IMF, Base Money"
4,"Money, Seasonally adjusted, Domestic currency",Billions,,,,,,,,,,,,,,,,24801.52079,30992.27358,37531.17547,42687.4221,64612.60775,87433.47551,107914.3785,119885.8956,149214.3845,186618.5532,226417.318,272071.6018,404654.5447,403533.1313,527303.7045,584132.1123,641540.2276,787421.7338,928355.814,1136937.943,1356128.633,1612342.007,1885308.418,2071072.552,2342099.6,2797780.027,3348146.942,3094339.708,,,,,,,,,IMF
4,"Foreign Liabilities, Domestic currency",Billions,,,,,,,,,,,,,692.3508625,751.5920061,,4934.192192,6754.707289,7031.789024,7953.754084,8120.986652,7977.933546,8986.429607,9582.89124,9521.724033,8835.305632,7311.314638,7406.645745,7207.870389,6785.991848,21551.94462,22026.96572,23453.35802,23123.71887,23133.01987,21976.85265,21670.62197,21271.98886,22805.18651,22668.67251,22864.49285,19386.8175,54652.01234,53015.90828,45468.37362,,,,,,,,IMF
2,"International Liquidity, Monetary, Monetary Authorities, Other Liabilities (Non-Standardized Presentation), US dollar",Billions,,,,,,,,,,,,,-2.98023E-17,0.003855199,,0.377108942,0.537327384,0.507759681,0.50552059,0.513501568,0.487577511,0.535865818,0.557352464,0.537754059,0.485998415,0.391252702,0.38966158,0.371993298,0.326310597,0.707771473,0.678688887,0.642758738,0.626412601,0.614907777,0.578327308,0.553761261,0.53678573,0.568647625,0.55534098,0.552151372,0.384746411,0.373883726,0.355514944,,,,,,,,,IMF
4,"Foreign Assets, Domestic currency",Billions,,,,,,,,,,,,,4896.654269,4453.99816,,15189.32418,20221.89974,25790.1248,29182.10392,48024.09853,50938.74219,56805.30789,65178.09573,99493.62529,113374.664,146689.194,218189.7024,382670.9944,410434.4666,301465.4606,244718.2317,292540.9549,543877.7315,561660.2726,742830.7988,634098.9676,825772.1479,1118566.742,1283818.635,1834105.586,2217090.838,2545087.462,2057335.574,44933.49223,,,,,,,,IMF
4,"Reserve Money, of which: Currency Outside Other Depository Corporations, Domestic currency",Billions,,,,,,,,,,,,,10579.185,14217.964,,19370.008,22639.291,25101.19,26965.253,41254.039,52208.02,66319.8,74262.8,90584.3,109097.159,131178.788,158809.374,220514.375,236848.034,293225.454,337948.562,370991.559,455503.982,506738.83,624831.5464,726559.0598,851441.4876,977906.8904,1085018.136,1198094.877,1337920.866,1519725.888,1352910.359,,,,,,,,,IMF
4,"Capital Accounts, Domestic currency",Billions,,,,,,,,,,,,,534.135,-52.756,,1002.889,1183.473,3129.22,7853.098,8567.9,10014.704,12008.3,12735.7,15918.8,18584.353,18542.528,31200.074,48148.92,57065.268,82163.269,89927.336,117220.756,106163.8141,119470.666,93929.4384,108354.9228,109057.0365,131969.2666,161203.0098,191681.1119,205594.7618,208491.3162,245480.6401,,,,,,,,,IMF
4,"Claims on Other Depository Corporations, Domestic currency",Billions,,,,,,,,,,,,,5004.07,6791.987,,6779.11,7692.585,6775.847,6520.565,10312.3,14234,17776.2,19182.1,13565.2,14400.375,11024.216,8031.342,15613.51,12944.953,50760.537,127482.969,152361.79,45523.15879,28574.415,40872.77223,75765.70401,59280.12421,60128.93447,61781.79011,36870.40003,27334.6226,28399.76215,254561.5369,,,,,,,,,IMF
4,"Money, Domestic currency",Billions,,,,,,,,,,,,,14550.586,19013.798,,26240.009,32851.81,39783.046,45205.98,68360.139,90989.04,112408.3,125329.2,157024.9,197988.559,242001.906,292214.55,435167.526,433317.987,565212.994,625451.341,686119.843,840134.229,989320.873,1199399.881,1414822.954,1670877.375,1950525.92,2142345.347,2426501.478,2901584.946,3475769.382,3210309.694,,,,,,,,,IMF
4,"Quasi-Money, Domestic currency",Billions,,,,,,,,,,,,,10327.435,9142.37,,18546.119,23487.014,30805.055,42188.759,77109.8,106005.36,138437.4,158815.1,221034.9,297458.72,406571.829,548796.174,818829.902,1080225.898,1345373.87,1852858.898,2088161.259,2615087.17,3205299.598,3823239.446,4356613.54,5132512.56,5822780.341,6618045.186,7527168.332,8409117.442,8929351.074,9899348.381,,,,,,,,,IMF
1,"Output gap_reg, percent change, regression",Units,,,,,,,,,,,,-8.86,-6.93,-5.58,-3.52,-0.82,1.69,3.12,2.31,0.56,0.71,0.97,1.39,2.07,3.15,4.02,4.35,4.82,3.92,2.76,2.57,2.38,1.32,0.31,0.13,0.47,0.53,0.83,1.61,2.30,-1.29,-5.18,-3.40,-4.87,-4.43,-3.26,-0.14,,,,,ước tính
1,"Output gap_hp, percent change, HP Filter",Units,,,,,,,,,,,,-1.73,-1.15,-1.14,-0.38,1.11,2.55,3.06,1.51,-0.83,-1.17,-1.33,-1.25,-0.87,-0.02,0.68,0.95,1.47,0.7,-0.22,-0.11,0.03,-0.65,-1.27,-1.08,-0.37,0.08,0.78,2.02,3.19,0.12,-3.26,-1.05,-2.16,-1.44,-0.05,3.25,,,,,ước tính
1,"Output gap_pf, percent change, production function",Units,,,,,,,,,,,,-2.61,-0.60,-0.62,0.11,1.41,2.65,2.65,1.20,-0.86,-1.03,-1.10,-1.13,-0.99,-0.05,0.77,1.13,1.16,0.68,-0.02,-0.79,-0.56,-0.89,-1.12,-0.65,-0.01,0.32,0.84,1.89,2.86,-0.33,-3.49,-1.20,-2.12,-1.14,0.41,3.67,,,,,ước tính